scale_factor,gprom_prov(s)
1,2276.774281932
2,10231.297901676
3,23624.347817274
