scale_factor,query,time(s)
1,1_tpch.sql,1.46934824190000000000
2,1_tpch.sql,2.96827482910000000000
3,1_tpch.sql,4.21896096470000000000
