scale_factor, prob_eval(s)
1,127.812893544
2,255.961126118
3,391.925209212
4,526.078686334
5,659.310570828
6,802.779721401
7,925.976703695
8,1058.937731475
9,1214.591904479
10,1414.179718895
