scale_factor, gprom_prov(s)
1,99.772840043
2,198.416540908
3,302.784345369
4,406.503644533
5,489.935668074
6,704.461905562
7,877.483508149
8,569.210728107
9,762.636124599
