scale_factor,query,prob_eval(s)
1,tpch_1_p.sql,38.91634988430000000000
1,tpch_4_p.sql,7.03228183310000000000
1,tpch_12_p.sql,18.05520064190000000000
1,tpch_15_p.sql,1.15001444360000000000
2,tpch_1_p.sql,84.18517255100000000000
2,tpch_4_p.sql,17.66013475950000000000
2,tpch_12_p.sql,41.37247357030000000000
2,tpch_15_p.sql,2.15019598870000000000
