scale_factor, withoutprov(s)
1,18.589368925
2,38.345859768
3,56.602461245
4,75.506357107
5,94.105447849
6,113.921121950
7,128.808077578
8,147.052043530
9,164.298543777
10,182.982754921
