scale_factor, withoutprov(s)
1,6.346354942
2,13.128878330
3,18.738947563
4,25.696004818
5,31.672548721
6,38.121422790
7,40.038219269
8,46.163424952
9,51.772193138
10,57.798939919
