scale_factor,query,time(s)
1,1_tpch.sql,164.60372533080000000000
2,1_tpch.sql,348.20679413100000000000
3,1_tpch.sql,110.61779906990000000000
