scale_factor, prob_eval(s)
2.1,239.377297189
2.2,239.427717434
2.3,233.940153929
2.4,248.964127489
2.5,273.902842119
2.6,310.884624677
2.7,308.484703750
2.8,417.599035011
2.9,457.482076849
3.0,837.104892174
3.1,715.056437584
3.2,844.040939936
3.3,.028312611
3.4,.023936449
3.5,.021145951
3.6,.023951084
3.7,1.429334749
3.8,.023918504
3.9,1.404444585
4.0,.024006152
