scale_factor, prob_eval(s)
1,62.853164915
2,126.071186985
3,.249375748
4,.029830832
