scale_factor,formula,counting,why
1,335.387086360,304.796093335,563.395890674
2,681.544228760,618.554932307,1138.106678233
3,1027.272756957,928.436624083,1711.903989915
4,1376.799966117,1235.870554335,2289.250866399
5,1727.066127558,1558.301544623,2857.181868476
6,2077.119091981,1883.607965041,3460.305727774
7,2445.254689383,2217.320825266,4057.022658188
8,2807.647673454,2594.542450410,4699.675998013
9,3305.251501808,2874.187388749,5247.740631094
10,3665.965299560,3184.407911858,5832.088111417
